Original Word,Chosen,Option 1 Title,Option 1 Path,Option 1 URL,Option 2 Title,Option 2 Path,Option 2 URL,Option 3 Title,Option 3 Path,Option 3 URL
我,1,ストーマ用装具を付けた女性のイラスト（2カット）,images\我-1.png,https://illustkun.com/08289-20240627-b/,ストーマ用装具を付けた男性のイラスト（2カット）,images\我-2.png,https://illustkun.com/08286-20240626-a/,腹痛のイラスト（男性）（2カット）,images\我-3.png,https://illustkun.com/08084-20240307-a/
你,1,イラストくん,images\你-1.png,https://illustkun.com/,N/A,N/A,N/A,N/A,N/A,N/A
他,1,まな板他のイラスト（木製）,images\他-1.png,https://illustkun.com/cutting-board/,柔道のイラスト（女子）（2キャラ）,images\他-2.png,https://illustkun.com/09012-20260403-a/,柔道のイラスト（男子）（2キャラ）,images\他-3.png,https://illustkun.com/09011-20260402-b/
她,0,N/A,N/A,N/A,N/A,N/A,N/A,N/A,N/A,N/A
我们,0,N/A,N/A,N/A,N/A,N/A,N/A,N/A,N/A,N/A
这,1,ミントチョコレートのイラスト（板チョコ）（2カット）,images\这-1.png,https://illustkun.com/06750-20220627-b/,ホワイトチョコレートのイラスト（板チョコ）（2カット）,images\这-2.png,https://illustkun.com/06748-20220626-b/,チョコレートのイラスト（板チョコ）（3カット）,images\这-3.png,https://illustkun.com/06745-20220625-b/
那,1,香水の匂いが強い女性のイラスト（電車）,images\那-1.png,https://illustkun.com/08178-20240425-a/,フェイスパックをする男性のイラスト（2カット）,images\那-2.png,https://illustkun.com/08064-20240223-b/,フェイスパックをする女性のイラスト（2カット）,images\那-3.png,https://illustkun.com/08062-20240222-b/
哪,1,カラードレスを着た女性のイラスト（4カラー）,images\哪-1.png,https://illustkun.com/08901-20250831-a/,積んだスタッドレスタイヤのイラスト（2カット）,images\哪-2.png,https://illustkun.com/07930-20231210-b/,スタッドレスタイヤのイラスト,images\哪-3.png,https://illustkun.com/07926-20231207-a/
哪儿,1,シュノーケルとゴーグルのイラスト（3カラー）,images\哪儿-1.png,https://illustkun.com/08876-20250804-b/,トコジラミのイラスト,images\哪儿-2.png,https://illustkun.com/08097-20240316-a/,カセットコンロのイラスト（2カラー）,images\哪儿-3.png,https://illustkun.com/07697-20230819-a/
谁,1,忍者のイラスト,images\谁-1.png,https://illustkun.com/ninja/,プラバシーポリシー,images\谁-2.png,https://illustkun.com/privacy-policy/,N/A,N/A,N/A
什么,1,空の冷蔵庫のイラスト（2カラー）,images\什么-1.png,https://illustkun.com/08389-20240826-a/,パックに入った牛バラ肉のイラスト（2カット）,images\什么-2.png,https://illustkun.com/beef-4/,三徳包丁のイラスト（万能包丁）（2カット）,images\什么-3.png,https://illustkun.com/kitchen-knife/
多少,1,イクラのイラスト,images\多少-1.png,https://illustkun.com/ikura/,お寿司のイラスト（イクラ）（2カット）,images\多少-2.png,https://illustkun.com/sushi-ikura/,バイキンのキャラクターのイラスト（ウィルス）,images\多少-3.png,https://illustkun.com/virus/
几,1,クラッカーのイラスト（パーティーグッズ）,images\几-1.png,https://illustkun.com/party-popper/,N/A,N/A,N/A,N/A,N/A,N/A
怎么,1,スマートウォッチのイラスト（丸型）（3パターン）,images\怎么-1.png,https://illustkun.com/07831-20231021-c/,スマートウォッチのイラスト（3パターン）,images\怎么-2.png,https://illustkun.com/07826-20231019-a/,アイシャドウのイラスト（コスメ・化粧品）（2カラー）,images\怎么-3.png,https://illustkun.com/06394-20211230-a/
怎么样,1,学校のイラスト（机）,images\怎么样-1.png,https://illustkun.com/desk/,さんすうの教科書のイラスト（参考書）,images\怎么样-2.png,https://illustkun.com/textbook/,こくごの教科書のイラスト（参考書）,images\怎么样-3.png,https://illustkun.com/textbook-2/
每,1,体重計に乗る男性のイラスト（ヘルスメーター）,images\每-1.png,https://illustkun.com/man-scales/,ヘルスメーターに乗る女性のイラスト（体重計）,images\每-2.png,https://illustkun.com/woman-scales-2/,ヘルスメーターのイラスト（体重計）,images\每-3.png,https://illustkun.com/scales-2/
是,1,箸でスープを食べるイラスト（女の子）,images\是-1.png,https://illustkun.com/08377-20240815-a/,箸でスープを食べるイラスト（男の子）,images\是-2.png,https://illustkun.com/08376-20240814-a/,指でハートのイラスト（キュンです）,images\是-3.png,https://illustkun.com/finger-heart/
有,1,自転車に乗る女子学生のイラスト（ヘルメット有無）（2カット）,images\有-1.png,https://illustkun.com/bicycle-6/,自転車に乗る男子学生のイラスト（ヘルメット有無）（2カット）,images\有-2.png,https://illustkun.com/bicycle-5/,柿のイラスト（富有柿）,images\有-3.png,https://illustkun.com/persimmon/
看,1,お辞儀のイラスト（女性・看護師）（2カット）,images\看-1.png,https://illustkun.com/nurse-bow/,看病するイラスト（女性・ママ）,images\看-2.png,https://illustkun.com/nursing-2/,看病するイラスト（男性・パパ）,images\看-3.png,https://illustkun.com/nursing/
听,0,N/A,N/A,N/A,N/A,N/A,N/A,N/A,N/A,N/A
说话,1,話すイラスト（会話・おばあさん2）（2カット）,images\说话-1.png,https://illustkun.com/talk-old-woman-2/,話すイラスト（会話・おばあさん）（2カット）,images\说话-2.png,https://illustkun.com/talk-old-woman/,話すイラスト（会話・おじいさん2）（2カット）,images\说话-3.png,https://illustkun.com/talk-old-man-2/
读,1,節分のイラスト（柊鰯）,images\读-1.png,https://illustkun.com/hiiragiiwashi/,N/A,N/A,N/A,N/A,N/A,N/A
写,1,集合写真のイラスト（小学生）（2カット）,images\写-1.png,https://illustkun.com/07628-20230723-a/,名刺（写真入り）のイラスト（2カット）,images\写-2.png,https://illustkun.com/07350-20230413-a/,書写の教科書のイラスト（参考書）,images\写-3.png,https://illustkun.com/textbook-9/
看见,1,国旗ポールのイラスト（ナミビア）（2パターン）,images\看见-1.png,https://illustkun.com/09016-20260414-a/,国旗ポールのイラスト（ナイジェリア）（2パターン）,images\看见-2.png,https://illustkun.com/09015-20260409-b/,国旗ポールのイラスト（トーゴ）（2パターン）,images\看见-3.png,https://illustkun.com/08985-20260216-a/
叫,1,呼ぶイラスト（叫ぶ）,images\叫-1.png,https://illustkun.com/call/,N/A,N/A,N/A,N/A,N/A,N/A
来,1,うま年の年賀状用イラスト特集,images\来-1.png,https://illustkun.com/nenga-uma/,へび年の年賀状用イラスト特集,images\来-2.png,https://illustkun.com/nenga-mi/,たつ年の年賀状用イラスト特集,images\来-3.png,https://illustkun.com/nenga-tatsu/
回,1,目が回るイラスト（女の子）（2キャラ）,images\回-1.png,https://illustkun.com/08781-20250516-b/,目が回るイラスト（男の子）（2キャラ）,images\回-2.png,https://illustkun.com/08779-20250515-b/,道路標識のイラスト（回転禁止）,images\回-3.png,https://illustkun.com/road-sign-7/
去,1,遠足のイラスト（体操服）（3カット）,images\去-1.png,https://illustkun.com/picnic-kids-2/,遠足のイラスト（制服）（3カット）,images\去-2.png,https://illustkun.com/picnic-kids/,N/A,N/A,N/A
吃,1,ハンバーガーを食べるイラスト（女性）,images\吃-1.png,https://illustkun.com/07632-20230726-a/,ハンバーガーを食べるイラスト（男性）,images\吃-2.png,https://illustkun.com/07631-20230725-a/,お弁当を食べる女性のイラスト（OL）（2カット）,images\吃-3.png,https://illustkun.com/woman-eating/
喝,1,薬を飲む子供のイラスト（女子）（2カット）,images\喝-1.png,https://illustkun.com/08095-20240314-a/,薬を飲む子供のイラスト（男子）（2カット）,images\喝-2.png,https://illustkun.com/08094-20240313-b/,お茶を飲むイラスト（老人・女の子）,images\喝-3.png,https://illustkun.com/07112-20221223-a/
睡觉,1,二段ベッドで寝る女の子のイラスト,images\睡觉-1.png,https://illustkun.com/08139-20240405-a/,二段ベッドで寝る男の子のイラスト,images\睡觉-2.png,https://illustkun.com/08138-20240404-a/,こたつに潜って寝るイラスト,images\睡觉-3.png,https://illustkun.com/kotatsu-sleep-2/
做,1,雪だるまを作るイラスト（男の子）,images\做-1.png,https://illustkun.com/make-snowman-2/,雪だるまを作るイラスト（女の子）,images\做-2.png,https://illustkun.com/make-snowman/,虫歯を作るイラスト（ミュータンス菌）,images\做-3.png,https://illustkun.com/mutans-2/
买,0,N/A,N/A,N/A,N/A,N/A,N/A,N/A,N/A,N/A
开,0,N/A,N/A,N/A,N/A,N/A,N/A,N/A,N/A,N/A
坐,1,チャイルドシートに座る赤ちゃんのイラスト（2カット）,images\坐-1.png,https://illustkun.com/childseat-kids/,トイレに座る子供のイラスト（4カット）,images\坐-2.png,https://illustkun.com/toilet-kids-2/,おまるに座る赤ちゃんのイラスト（2カット）,images\坐-3.png,https://illustkun.com/toilet-kids/
住,1,洪水のイラスト（住宅）（2カット）,images\住-1.png,https://illustkun.com/08570-20241204-a/,地震のイラスト（住宅）（2カット）,images\住-2.png,https://illustkun.com/08569-20241203-b/,火事のイラスト（住宅）（2カット）,images\住-3.png,https://illustkun.com/08566-20241202-a/
学习,1,こたつで勉強するイラスト,images\学习-1.png,https://illustkun.com/kotatsu-study/,鉛筆を持つ子供のイラスト（2カット）,images\学习-2.png,https://illustkun.com/pencil-kids/,N/A,N/A,N/A
工作,1,図画工作の教科書のイラスト（参考書）,images\工作-1.png,https://illustkun.com/textbook-13/,消しゴムのイラスト（使いかけ）,images\工作-2.png,https://illustkun.com/06686-20220525-a/,磁石のイラスト（U型）（2カット）,images\工作-3.png,https://illustkun.com/magnet-2/
下雨,1,天気のイラスト（虹・雨上がり）（2カット）,images\下雨-1.png,https://illustkun.com/rainbow/,天気のイラスト（傘・雨）（2カット）,images\下雨-2.png,https://illustkun.com/rain/,雨のイラスト,images\下雨-3.png,https://illustkun.com/umbrella-4/
爱,1,愛知県の地図のイラスト（3パターン）,images\爱-1.png,https://illustkun.com/07213-20230130-a/,愛媛県の地図のイラスト（3パターン）,images\爱-2.png,https://illustkun.com/07119-20221226-a/,浴衣を着たハムスターのキャラクターイラスト（2パターン）,images\爱-3.png,https://illustkun.com/08077-20240302-a/
喜欢,1,好きとハートの文字イラスト（6カット）,images\喜欢-1.png,https://illustkun.com/moji-love-3/,パワーストーンブレスレットのイラスト（4カラー）,images\喜欢-2.png,https://illustkun.com/07871-20231113-a/,えんぴつで書くイラスト（2カット）,images\喜欢-3.png,https://illustkun.com/07280-20230311-a/
想,1,重ねた仮想通貨のイラスト,images\想-1.png,https://illustkun.com/cryptocurrency-2/,仮想通貨のイラスト,images\想-2.png,https://illustkun.com/cryptocurrency/,重ねたビットコインのイラスト,images\想-3.png,https://illustkun.com/bitcoin-2/
认识,0,N/A,N/A,N/A,N/A,N/A,N/A,N/A,N/A,N/A
会,1,生徒会長のイラスト（女子）（2キャラ）,images\会-1.png,https://illustkun.com/08562-20241128-a/,生徒会長のイラスト（男子）（2キャラ）,images\会-2.png,https://illustkun.com/08560-20241127-a/,全員怒っている会議のイラスト,images\会-3.png,https://illustkun.com/08285-20240625-a/
能,1,イラスト作成依頼！,images\能-1.png,https://illustkun.com/request/,狐面の子供のイラスト,images\能-2.png,https://illustkun.com/fox-mask-3/,狐面を付けた子供のイラスト,images\能-3.png,https://illustkun.com/fox-mask-2/
请,1,文字のイラスト（本年もよろしくお願い申し上げます2）（2カット×3カラー）,images\请-1.png,https://illustkun.com/07086-20221214-f/,文字のイラスト（本年もよろしくお願い申し上げます）（2カット×3カラー）,images\请-2.png,https://illustkun.com/07077-20221213-c-thumb/,応援サポート制度,images\请-3.png,https://illustkun.com/support/
谢谢,1,文字のイラスト（ありがとう）,images\谢谢-1.png,https://illustkun.com/moji-thankyou/,プロフィール,images\谢谢-2.png,https://illustkun.com/profile/,ご利用について,images\谢谢-3.png,https://illustkun.com/about-use/
再见,0,N/A,N/A,N/A,N/A,N/A,N/A,N/A,N/A,N/A
对不起,1,謝るイラスト（両手）,images\对不起-1.png,https://illustkun.com/sorry-2/,N/A,N/A,N/A,N/A,N/A,N/A
没关系,0,N/A,N/A,N/A,N/A,N/A,N/A,N/A,N/A,N/A
家,1,小説家のイラスト（悩む・困る）,images\家-1.png,https://illustkun.com/07231-20230210-a/,小説家のイラスト,images\家-2.png,https://illustkun.com/07230-20230209-a/,家族のイラスト（3世代）（2カット）,images\家-3.png,https://illustkun.com/07001-20221105-b/
爸爸,1,ゴミ出しのイラスト（男性・お父さん）（2カット）,images\爸爸-1.png,https://illustkun.com/out-trash-2/,背景のイラスト（ゴミ問題）,images\爸爸-2.png,https://illustkun.com/garbage-2/,ゴミのイラスト（燃えないゴミセット・カン・ビン・ペットボトル）,images\爸爸-3.png,https://illustkun.com/garbage/
妈妈,1,ゴミ出しのイラスト（女性・お母さん）（2カット）,images\妈妈-1.png,https://illustkun.com/out-trash-3/,目がハートのイラスト（ママ・お母さん）,images\妈妈-2.png,https://illustkun.com/heart-mom/,ゴミ出しのイラスト（OL）（2カット）,images\妈妈-3.png,https://illustkun.com/out-trash-4/
儿子,0,N/A,N/A,N/A,N/A,N/A,N/A,N/A,N/A,N/A
女儿,0,N/A,N/A,N/A,N/A,N/A,N/A,N/A,N/A,N/A
老师,1,会話のイラスト（黒人女性の先生と生徒）,images\老师-1.png,https://illustkun.com/06239-20211018-a/,会話のイラスト（白人女性の先生と生徒）,images\老师-2.png,https://illustkun.com/06238-20211017-a/,会話のイラスト（黒人男性の先生と生徒）,images\老师-3.png,https://illustkun.com/06237-20211016-a/
学生,1,会話のイラスト（男子小学生2人）,images\学生-1.png,https://illustkun.com/08081-20240305-a/,会話のイラスト（女子小学生2人）,images\学生-2.png,https://illustkun.com/08080-20240304-a/,会話のイラスト（怒る・女子学生2）（4パターン）,images\学生-3.png,https://illustkun.com/07647-202307231-c/
同学,0,N/A,N/A,N/A,N/A,N/A,N/A,N/A,N/A,N/A
朋友,1,「まちがいさがし」を作ろう！,images\朋友-1.png,https://illustkun.com/spot-the-difference/,N/A,N/A,N/A,N/A,N/A,N/A
医生,1,マスクをした医者のイラスト,images\医生-1.png,https://illustkun.com/mask-doctor/,いいねのイラスト（医者・ドクター・女医）（2カット）,images\医生-2.png,https://illustkun.com/good-6/,診察のイラスト（医者・ドクター・女医・赤ちゃん）,images\医生-3.png,https://illustkun.com/see-a-doctor-2/
先生,1,会話のイラスト（白人男性の先生と生徒）,images\先生-1.png,https://illustkun.com/06236-20211015-a/,会話のイラスト（女の先生と生徒）（2カット）,images\先生-2.png,https://illustkun.com/06235-20211014-b/,会話のイラスト（男の先生と生徒）（2カット）,images\先生-3.png,https://illustkun.com/06232-20211013-a/
小姐,1,国旗ポールのイラスト（ザンビア）（2パターン）,images\小姐-1.png,https://illustkun.com/08960-20251210-a/,国旗ポールのイラスト（サントメ・プリンシペ）（2パターン）,images\小姐-2.png,https://illustkun.com/08959-20251208-b/,国旗ポールのイラスト（サンマリノ）（2パターン）,images\小姐-3.png,https://illustkun.com/08702-20250317-b/
人,1,暑いイラスト（老人・おばあさん）（2キャラ）,images\人-1.png,https://illustkun.com/08357-20240802-b/,暑いイラスト（老人・おじいさん）（2キャラ）,images\人-2.png,https://illustkun.com/08354-20240801-a/,温泉のイラスト（老人・女性）（2カット）,images\人-3.png,https://illustkun.com/07838-20231025-a/
学校,1,学校給食のイラスト（ご飯）（2カット）,images\学校-1.png,https://illustkun.com/school-lunch-3/,ランドセルのイラスト（小学校）（4カラー）,images\学校-2.png,https://illustkun.com/school-bag/,かわいい学校のイラスト（小中高）（6カット）,images\学校-3.png,https://illustkun.com/school-4/
饭馆,1,シェフのイラスト（コック・女性）（2カット）,images\饭馆-1.png,https://illustkun.com/chef-woman/,シェフのイラスト（コック・男性）（2カット）,images\饭馆-2.png,https://illustkun.com/chef-man/,N/A,N/A,N/A
商店,1,文字のイラスト（商店街）,images\商店-1.png,https://illustkun.com/moji-shopping-street/,N/A,N/A,N/A,N/A,N/A,N/A
医院,1,病院のイラスト,images\医院-1.png,https://illustkun.com/06763-20220705-a/,病院のベッドのイラスト,images\医院-2.png,https://illustkun.com/06762-20220704-a/,マスクをした女医のイラスト,images\医院-3.png,https://illustkun.com/mask-doctor-2/
火车站,0,N/A,N/A,N/A,N/A,N/A,N/A,N/A,N/A,N/A
中国,1,国旗ポールのイラスト（中国）（2パターン）,images\中国-1.png,https://illustkun.com/08141-20240406-b/,文字のイラスト（中国）（2カラー）,images\中国-2.png,https://illustkun.com/07185-20230119-b/,国旗のイラスト（中国）,images\中国-3.png,https://illustkun.com/chinese-flag/
北京,0,N/A,N/A,N/A,N/A,N/A,N/A,N/A,N/A,N/A
上,1,卓上カレンダーのイラスト（2パターン）,images\上-1.png,https://illustkun.com/08450-20240918-a/,シューズ入れのイラスト（上履き・上靴）（2カラー）,images\上-2.png,https://illustkun.com/07225-20230206-b/,文字のイラスト2（新春のおよろこびを申し上げます）（2カット×3カラー）,images\上-3.png,https://illustkun.com/shinsyun/
下,1,机の下に隠れるイラスト（女の子）（2カット）,images\下-1.png,https://illustkun.com/07878-20231116-b/,机の下に隠れるイラスト（男の子）（2カット）,images\下-2.png,https://illustkun.com/07875-20231115-a/,下駄のイラスト（2カラー）,images\下-3.png,https://illustkun.com/07331-20230402-a/
前面,1,PMSのイメージイラスト（月経前症候群）（2カット）,images\前面-1.png,https://illustkun.com/08086-20240309-a/,07032,images\前面-2.png,https://illustkun.com/07032-20221124-b/,餃子のイラスト（焼く前）,images\前面-3.png,https://illustkun.com/gyoza/
后面,0,N/A,N/A,N/A,N/A,N/A,N/A,N/A,N/A,N/A
里面,1,国旗ポールのイラスト（中央アフリカ）（2パターン）,images\里面-1.png,https://illustkun.com/08982-20260202-a/,冷やし中華のイラスト,images\里面-2.png,https://illustkun.com/08382-20240818-a/,文字のイラスト2（暑中お見舞い申し上げます）（縦横・3カラー）,images\里面-3.png,https://illustkun.com/moji-syochu-2/
年,1,馬のダルマのイラスト（午年・干支）（2カット）,images\年-1.png,https://illustkun.com/08817-20250610-b/,かわいい馬のイラスト（午年・着物・干支）（2キャラ）,images\年-2.png,https://illustkun.com/08815-20250609-b/,破魔矢と午年の絵馬のイラスト（干支）（2カット）,images\年-3.png,https://illustkun.com/08812-20250608-a/
月,1,胎児のイラスト（9ヶ月、32〜36週間）（2カラー）,images\月-1.png,https://illustkun.com/08260-20240610-a/,胎児のイラスト（8ヶ月、28〜32週間）（2カラー）,images\月-2.png,https://illustkun.com/08258-20240609-a/,胎児のイラスト（7ヶ月、24〜28週間）（2カラー）,images\月-3.png,https://illustkun.com/08256-20240608-a/
日,1,日焼けのイラスト（女の子）（2キャラ）,images\日-1.png,https://illustkun.com/08380-20240817-a/,日焼けのイラスト（男の子）（2キャラ）,images\日-2.png,https://illustkun.com/08378-20240816-a/,国旗ポールのイラスト（日本）（2パターン）,images\日-3.png,https://illustkun.com/08105-20240322-b/
星期,0,N/A,N/A,N/A,N/A,N/A,N/A,N/A,N/A,N/A
点,1,目が点のイラスト（女の子）（2キャラ）,images\点-1.png,https://illustkun.com/08773-20250510-b/,目が点のイラスト（男の子）（2キャラ）,images\点-2.png,https://illustkun.com/08771-20250509-b/,目薬をさす女性のイラスト（点眼薬）,images\点-3.png,https://illustkun.com/eyedrops-woman/
分钟,1,節分のイラスト（鬼のお面）（2カット×5カラー）,images\分钟-1.png,https://illustkun.com/08632-20250119-c/,節分のイラスト（今年の恵方は西南西2025）（2カット×2カラー）,images\分钟-2.png,https://illustkun.com/08628-20250118-c/,大分県の地図のイラスト（3パターン）,images\分钟-3.png,https://illustkun.com/07304-20230324-a/
现在,1,節分のイラスト（今年の恵方は南南東2021）（2カラー）,images\现在-1.png,https://illustkun.com/setsubun2021/,文字のイラスト（今年の恵方は南南東2023）（2カラー）,images\现在-2.png,https://illustkun.com/moji-2021eho/,文字のイラスト（今年の恵方は西南西2020）（2カット・2カラー）,images\现在-3.png,https://illustkun.com/moji-2020eho/
时候,1,砂時計のイラスト,images\时候-1.png,https://illustkun.com/hourglass/,時計のイラスト（6時〜11時半）（12カット）,images\时候-2.png,https://illustkun.com/clock-2/,時計のイラスト（0時〜5時半）（12カット）,images\时候-3.png,https://illustkun.com/clock/
今天,0,N/A,N/A,N/A,N/A,N/A,N/A,N/A,N/A,N/A
明天,0,N/A,N/A,N/A,N/A,N/A,N/A,N/A,N/A,N/A
昨天,0,N/A,N/A,N/A,N/A,N/A,N/A,N/A,N/A,N/A
上午,0,N/A,N/A,N/A,N/A,N/A,N/A,N/A,N/A,N/A
中午,1,お昼寝布団バックのイラスト（2カラー）,images\中午-1.png,https://illustkun.com/07226-20230207-a/,N/A,N/A,N/A,N/A,N/A,N/A
下午,0,N/A,N/A,N/A,N/A,N/A,N/A,N/A,N/A,N/A
桌子,1,掃除のイラスト（机拭き）,images\桌子-1.png,https://illustkun.com/wiping-2/,やる気がないイラスト,images\桌子-2.png,https://illustkun.com/unmotivated/,N/A,N/A,N/A
椅子,1,椅子に座って体操するイラスト（老人・女性）（2カット）,images\椅子-1.png,https://illustkun.com/07040-20221128-b/,椅子に座って体操するイラスト（老人・男性）（2カット）,images\椅子-2.png,https://illustkun.com/07037-20221127-a/,椅子に座って体操するイラスト（女性）（2カット）,images\椅子-3.png,https://illustkun.com/07023-20221120-b/
杯子,1,プラコップのイラスト,images\杯子-1.png,https://illustkun.com/07784-20230928-a/,紙コップのイラスト（2カラー）,images\杯子-2.png,https://illustkun.com/07782-20230927-a/,スコップのイラスト（2カット）,images\杯子-3.png,https://illustkun.com/06952-20221011-b/
茶,1,ロールケーキのイラスト（抹茶）（2カット×2カラー）,images\茶-1.png,https://illustkun.com/08048-20240212-d/,抹茶ラテのイラスト,images\茶-2.png,https://illustkun.com/07233-20230212-a/,お茶を飲むイラスト（老人・男の子）,images\茶-3.png,https://illustkun.com/07111-20221222-a/
水,1,元素記号のイラスト（水銀）（3パターン）,images\水-1.png,https://illustkun.com/08017-20240130-b/,元素記号のイラスト（水素）（3パターン）,images\水-2.png,https://illustkun.com/075012-20230628-b/,香水のイラスト（2カット）,images\水-3.png,https://illustkun.com/06938-20220930-a/
菜,1,小松菜のイラスト,images\菜-1.png,https://illustkun.com/07377-20230502-a/,野菜を抱えた栄養士のイラスト（女性）,images\菜-2.png,https://illustkun.com/dietician-2/,白菜漬けのイラスト（2カラー）,images\菜-3.png,https://illustkun.com/tsukemono/
米饭,1,卵かけご飯のイラスト（2カット）,images\米饭-1.png,https://illustkun.com/06337-20211130-a/,飯盒とご飯のイラスト（キャンプ飯）,images\米饭-2.png,https://illustkun.com/hangou-2/,ごはんのかわいいイラスト（白ご飯）,images\米饭-3.png,https://illustkun.com/rice-3/
苹果,1,祭りのイラスト（りんご飴と女の子）,images\苹果-1.png,https://illustkun.com/festibal-2/,りんご飴のイラスト（祭り）,images\苹果-2.png,https://illustkun.com/candy-apple/,切ったりんごのイラスト（うさぎ）,images\苹果-3.png,https://illustkun.com/apple/
衣服,1,体操服のイラスト（体操着）（2カラー）,images\衣服-1.png,https://illustkun.com/08990-20260222-b/,クリスマスのイラスト（サンタ服）（2カラー）,images\衣服-2.png,https://illustkun.com/07945-20231214-a/,肩を落として落ち込む学生のイラスト（女子・制服）（2カット）,images\衣服-3.png,https://illustkun.com/unhappy-2/
钱,1,お金とがま口財布のイラスト,images\钱-1.png,https://illustkun.com/07911-20231202-a/,新500円玉のイラスト（硬貨・お金）（4カット）,images\钱-2.png,https://illustkun.com/coin-7/,札束のイラスト（新一万円・お金・紙幣）（2カット）,images\钱-3.png,https://illustkun.com/bill-8/
书,1,法律の本のイメージイラスト（六法全書）（2カット）,images\书-1.png,https://illustkun.com/07882-20231120-b/,法律の本のイメージイラスト（2カット）,images\书-2.png,https://illustkun.com/07879-20231119-a/,熊本県の地図のイラスト（3パターン）,images\书-3.png,https://illustkun.com/07301-20230323-a/
汉语,0,N/A,N/A,N/A,N/A,N/A,N/A,N/A,N/A,N/A
字,1,文字のイラスト2（2026）（3カラー）,images\字-1.png,https://illustkun.com/08803-20250601-c/,文字のイラスト（2026）（3カラー）,images\字-2.png,https://illustkun.com/08800-20250531-c/,文字のイラスト2（Thank you）（3カラー）,images\字-3.png,https://illustkun.com/08710-20250321-c-thumb/
名字,1,なまえペンのイラスト（2カット×2カラー）,images\名字-1.png,https://illustkun.com/08429-20240914-b/,N/A,N/A,N/A,N/A,N/A,N/A
电脑,1,パソコンが得意な子供のイラスト（女子）（2カット）,images\电脑-1.png,https://illustkun.com/08015-20240129-b/,パソコンが得意な子供のイラスト（男子）（2カット）,images\电脑-2.png,https://illustkun.com/08013-20240128-b/,パソコンを使う子供のイラスト（女子）（2カット）,images\电脑-3.png,https://illustkun.com/08010-20240126-a/
电视,1,元素記号のイラスト（メンデレビウム）（3パターン）,images\电视-1.png,https://illustkun.com/08330-202407120-a/,テレビを見る子供のイラスト（女の子）（2カット）,images\电视-2.png,https://illustkun.com/07585-20230714-b/,テレビを見る子供のイラスト（男の子）（2カット）,images\电视-3.png,https://illustkun.com/07582-20230714-a/
电影,1,ポップコーンのイラスト（2カット）,images\电影-1.png,https://illustkun.com/06267-20211103-b/,N/A,N/A,N/A,N/A,N/A,N/A
飞机,1,飛行機のイラスト,images\飞机-1.png,https://illustkun.com/06363-20211219-a/,N/A,N/A,N/A,N/A,N/A,N/A
出租车,0,N/A,N/A,N/A,N/A,N/A,N/A,N/A,N/A,N/A
猫,1,目がハートのイラスト（猫）,images\猫-1.png,https://illustkun.com/heart-cat/,ハロウィンのイラスト（黒猫）,images\猫-2.png,https://illustkun.com/black-cat/,喜ぶイラスト（猫）,images\猫-3.png,https://illustkun.com/happy-cat/
狗,1,目がハートのイラスト（犬）,images\狗-1.png,https://illustkun.com/heart-dog/,喜ぶイラスト（柴犬）,images\狗-2.png,https://illustkun.com/happy-shibainu/,犬を抱っこする子供のイラスト,images\狗-3.png,https://illustkun.com/dog-kids-2/
东西,1,かわいい蛇のイラスト（巳・着物・2025年干支）（2カラー）,images\东西-1.png,https://illustkun.com/08165-20240418-b/,かわいい龍のキャラクターイラスト（辰・着物・2024年干支）（2カラー）,images\东西-2.png,https://illustkun.com/07404-202305016-b/,かわいいウサギのキャラクターイラスト（卯・着物・2023年干支）（2カット）,images\东西-3.png,https://illustkun.com/06646-20220505-b/
天气,1,天気のイラスト（月・夜空）（2カット）,images\天气-1.png,https://illustkun.com/moon/,天気のイラスト（台風）（2カット）,images\天气-2.png,https://illustkun.com/typhoon/,天気のイラスト（風）（2カット）,images\天气-3.png,https://illustkun.com/wind/
个,1,マイナンバーカードのイラスト（個人番号カード・女性）（3カット）,images\个-1.png,https://illustkun.com/06564-20220328-c/,マイナンバーカードのイラスト（個人番号カード・男性）（3カット）,images\个-2.png,https://illustkun.com/06560-20220327-b/,ビリヤードのイラスト（ボール）（16カット）,images\个-3.png,https://illustkun.com/billiards/
岁,1,文字のイラスト（御歳暮）,images\岁-1.png,https://illustkun.com/moji-oseibo-2/,文字のイラスト（お歳暮）,images\岁-2.png,https://illustkun.com/moji-oseibo/,水引のイラスト（結び切り）,images\岁-3.png,https://illustkun.com/mizuhiki-3/
本,1,文字のイラスト（日本）（2カラー）,images\本-1.png,https://illustkun.com/07177-20230117-b/,昔のマンガ本のイラスト（2カット）,images\本-2.png,https://illustkun.com/manga/,千本鳥居のイラスト（2カット）,images\本-3.png,https://illustkun.com/senbon-torii/
些,0,N/A,N/A,N/A,N/A,N/A,N/A,N/A,N/A,N/A
块,0,N/A,N/A,N/A,N/A,N/A,N/A,N/A,N/A,N/A
一,1,一人掛けソファーのイラスト（3カラー）,images\一-1.png,https://illustkun.com/06449-20220126-c/,一味唐辛子のイラスト（2カット）,images\一-2.png,https://illustkun.com/ichimi/,道路標識のイラスト（一時停止）,images\一-3.png,https://illustkun.com/road-sign-13/
二,1,二段ベッドのイラスト（2カラー）,images\二-1.png,https://illustkun.com/08137-20240403-b/,十二星座のイラスト特集！,images\二-2.png,https://illustkun.com/zodiac-signs/,乾電池のイラスト（単二）（2カット）,images\二-3.png,https://illustkun.com/battery-2/
三,1,三色団子のイラスト（2カット）,images\三-1.png,https://illustkun.com/07701-20230822-a/,三重県の地図のイラスト（3パターン）,images\三-2.png,https://illustkun.com/07249-20230218-a/,シンプルな三大栄養素表のイラスト（4カット）,images\三-3.png,https://illustkun.com/nutrients/
四,1,チェックボックスのイラスト（四角）（6カット）,images\四-1.png,https://illustkun.com/checkbox-2/,クローバーマークのイラスト（身体障害者標識、四つ葉マーク）（2カット）,images\四-2.png,https://illustkun.com/clovermark/,乾電池のイラスト（単四）（2カット）,images\四-3.png,https://illustkun.com/battery-4/
五,1,五芒星のイラスト（ペンタグラム）（2カット×2カラー）,Failed,https://illustkun.com/06904-20220920-b/,新五千円札のイラスト（紙幣・お金）（2カット）,images\五-2.png,https://illustkun.com/bill-6/,五円玉のイラスト（硬貨・お金）（4カット）,images\五-3.png,https://illustkun.com/coin/
六,1,六芒星のイラスト（ヘキサグラム）（2カット×2カラー）,images\六-1.png,https://illustkun.com/06909-20220921-c/,家紋のイラスト（銭紋・真田銭・六文銭）,images\六-2.png,https://illustkun.com/kamon-6/,N/A,N/A,N/A
七,1,七芒星のイラスト（ヘプタグラム）（2カット×2カラー）,images\七-1.png,https://illustkun.com/06912-20220922-b/,七草粥のイラスト（いろり鍋）,images\七-2.png,https://illustkun.com/06359-20211217-a/,七草粥のイラスト（茶碗）,images\七-3.png,https://illustkun.com/06358-20211216-a/
八,1,八芒星のイラスト2（オクタグラム）（2カット×2カラー）,images\八-1.png,https://illustkun.com/06920-20220924-b/,八芒星のイラスト（オクタグラム）（2カット×2カラー）,images\八-2.png,https://illustkun.com/06917-20220923-c/,八方美人のイメージイラスト（女性会社員）,images\八-3.png,https://illustkun.com/06586-20220410-a/
九,1,九芒星のイラスト（ナノグラム）（2カット×2カラー）,images\九-1.png,https://illustkun.com/06925-20220925-c/,勉強のイラスト（九九2・算数・女の子）（2カット）,images\九-2.png,https://illustkun.com/06893-20220914-b/,勉強のイラスト（九九・算数・女の子）（2カット）,images\九-3.png,https://illustkun.com/06888-20220912-a/
十,1,十芒星のイラスト（デカグラム）（2カット×2カラー）,images\十-1.png,https://illustkun.com/06930-20220926-d/,星座のイラスト（はくちょう座）（2カット）,images\十-2.png,https://illustkun.com/06264-20211101-b/,星座のイラスト（りゅう座）（2カット）,images\十-3.png,https://illustkun.com/06262-20211031-b/
零,1,オセロのイラスト（子供）（2カット）,images\零-1.png,https://illustkun.com/07747-20230910-a/,リバーシのイラスト（オセロ）（3パターン）,images\零-2.png,https://illustkun.com/07745-20230909-b/,セロリのイラスト,images\零-3.png,https://illustkun.com/celery/
不,1,弱った大腸のキャラクターイラスト（不健康な臓器）,images\不-1.png,https://illustkun.com/large-intestine-3/,弱った小腸のキャラクターイラスト（不健康な臓器）,images\不-2.png,https://illustkun.com/small-intestine-3/,弱った膀胱のキャラクターイラスト（不健康な臓器）,images\不-3.png,https://illustkun.com/bladder-3/
没,1,迷惑そうなイラスト（老人・おばあさん）（2カット）,images\没-1.png,https://illustkun.com/06537-20220314-a/,迷惑そうなイラスト（老人・おじいさん）（2カット）,images\没-2.png,https://illustkun.com/06536-20220313-b/,迷惑そうなイラスト（OL）（2カット）,images\没-3.png,https://illustkun.com/%e8%bf%b7%e6%83%91%e3%81%9d06530-20220310-b/
很,1,文字のイラスト（敬老の日）（4カット）,images\很-1.png,https://illustkun.com/moji-keironohi/,文字のイラスト（敬老会）（10カット）,images\很-2.png,https://illustkun.com/moji-keirokai/,N/A,N/A,N/A
太,1,地球と太陽のイラスト（宇宙）,images\太-1.png,https://illustkun.com/08527-20241107-a/,明太子のイラスト,images\太-2.png,https://illustkun.com/mentaiko/,天気のイラスト（太陽・晴れ）（2カット）,images\太-3.png,https://illustkun.com/sun/
都,1,京都府の地図のイラスト（3パターン）,images\都-1.png,https://illustkun.com/07237-20230214-a/,東京都の地図のイラスト（2カット×3パターン）,images\都-2.png,https://illustkun.com/07102-20221219-d/,ひな人形のイラスト（ひな祭り・男雛・女雛）（9カット）,images\都-3.png,https://illustkun.com/hina-dolls/
和,1,国旗ポールのイラスト（コンゴ民主共和国）（2パターン）,images\和-1.png,https://illustkun.com/08954-20251201-a/,国旗ポールのイラスト（コンゴ共和国）（2パターン）,images\和-2.png,https://illustkun.com/08953-20251126-b/,国旗ポールのイラスト（パラグアイ共和国）（4パターン）,images\和-3.png,https://illustkun.com/08481-20241008-a/
在,1,外国人在留カードのイラスト（女性）（2カット）,images\在-1.png,https://illustkun.com/06570-20220331-b/,外国人在留カードのイラスト（男性）（2カット）,images\在-2.png,https://illustkun.com/06567-20220330-a/,ほうきのイラスト（自在ほうき）,images\在-3.png,https://illustkun.com/broom/
吗,1,ハンカチのイラスト（2カラー）,images\吗-1.png,https://illustkun.com/09019-20260426-b/,かわいいたんぽぽのイラスト（2パターン）,images\吗-2.png,https://illustkun.com/09006-20260317-a/,カップルのイラスト（2キャラ）,images\吗-3.png,https://illustkun.com/09005-20260310-b/
呢,1,国旗ポールのイラスト（セネガル）（2パターン）,images\呢-1.png,https://illustkun.com/08972-20260106-a/,国旗ポールのイラスト（シエラレオネ）（2パターン）,images\呢-2.png,https://illustkun.com/08963-20251215-b/,焼き鳥のイラスト（ねぎま）（2カット）,images\呢-3.png,https://illustkun.com/08933-20251001-a/
了,1,花束をわたすイラスト（女の子が男の子に）,images\了-1.png,https://illustkun.com/09003-20260308-a/,花束をわたすイラスト（男の子が女の子に）,images\了-2.png,https://illustkun.com/09002-20260307-a/,地球のキャラクターイラスト（温暖化）,images\了-3.png,https://illustkun.com/09001-20260304-a/
的,1,メタ認知のイラスト（2カット）,images\的-1.png,https://illustkun.com/metacognition/,こまのイラスト,images\的-2.png,https://illustkun.com/koma/,ダーツのイラスト（矢）（3カラー）,images\的-3.png,https://illustkun.com/darts-3/
大,1,文字の大きな通信アプリ画面のイラスト（2カラー）,images\大-1.png,https://illustkun.com/07450-20230605-b/,大阪府の地図のイラスト（3パターン）,images\大-2.png,https://illustkun.com/07234-20230213-a/,大豆のイラスト,images\大-3.png,https://illustkun.com/06790-20220720-a/
小,1,電車のイラスト（小田急線5000形）,images\小-1.png,https://illustkun.com/07795-20231006-a/,小豆のイラスト,images\小-2.png,https://illustkun.com/06791-20220721-a/,退屈な小学生のイラスト（女の子）（2カット）,images\小-3.png,https://illustkun.com/06438-20220122-b/
多,1,国旗ポールのイラスト（ボリビア多民族国）（4パターン）,images\多-1.png,https://illustkun.com/08505-20241023-b/,ビタミンを多く含む食品のイラスト（2カット）,images\多-2.png,https://illustkun.com/vitamin/,ミネラルを多く含む食品のイラスト（2カット）,images\多-3.png,https://illustkun.com/mineral/
少,1,少年サッカーのイラスト,images\少-1.png,https://illustkun.com/football-kids-2/,少年野球のピッチャーのイラスト,images\少-2.png,https://illustkun.com/baseball-pitcher/,少年野球のバッターのイラスト,images\少-3.png,https://illustkun.com/baseball-batter/
好,1,お好み焼きのかわいいイラスト,images\好-1.png,https://illustkun.com/okonomiyaki-2/,ヘラのイラスト（お好み焼き・コテ・テコ）（2カット）,images\好-2.png,https://illustkun.com/spatula-2/,クリスマスのイラスト（サンタの格好の女性）,images\好-3.png,https://illustkun.com/santa-claus-woman/
冷,1,開いた冷蔵庫のイラスト（2カラー）,images\冷-1.png,https://illustkun.com/08388-20240825-b/,冷蔵庫のイラスト（2カラー）,images\冷-2.png,https://illustkun.com/08385-20240822-a/,冷麺のイラスト,images\冷-3.png,https://illustkun.com/08383-20240820-a/
热,1,暑いイラスト（女性・OL）（2キャラ）,images\热-1.png,https://illustkun.com/08353-20240731-b/,暑いイラスト（男性・サラリーマン）（2キャラ）,images\热-2.png,https://illustkun.com/08351-20240730-b/,暑いイラスト（女性）（2キャラ）,images\热-3.png,https://illustkun.com/08348-202407129-a/
高兴,1,嬉しいイラスト（男子学生）（2カット）,images\高兴-1.png,https://illustkun.com/boy-9/,嬉しいイラスト（女子学生）（2カット）,images\高兴-2.png,https://illustkun.com/girl-10/,嬉しいイラスト,images\高兴-3.png,https://illustkun.com/happy/
漂亮,1,綺麗な歯のイラスト,images\漂亮-1.png,https://illustkun.com/clean-teeth/,きれいな教室のイラスト,images\漂亮-2.png,https://illustkun.com/%e3%81%8d%e3%82%8c%e3%81%84%e3%81%aa%e6%95%99%e5%ae%a4%e3%81%ae%e3%82%a4%e3%83%a9%e3%82%b9%e3%83%88/,N/A,N/A,N/A
